{"variables":[],"info":{"name":"","_postman_id":"5cb6bee1-ac78-4fa7-ba01-07ed232bc324","description":"","schema":"https:\/\/schema.getpostman.com\/json\/collection\/v2.0.0\/collection.json"},"item":[{"name":"Biblioteca Geral\n\nControlador para listar todas as aplica\u00e7\u00f5es de second screen existentes","description":"","item":[{"name":"-> Lista as aplica\u00e7\u00f5es de todos os utilizadores e permite query das series por parametros de url","request":{"url":"http:\/\/localhost\/api\/biblioteca-geral","method":"GET","body":{"mode":"formdata","formdata":[]},"description":"","response":[]}},{"name":"Mostra as aplica\u00e7\u00f5es de um utilizador","request":{"url":"http:\/\/localhost\/api\/biblioteca-geral\/{biblioteca_geral}","method":"GET","body":{"mode":"formdata","formdata":[]},"description":"","response":[]}},{"name":"-> Eliminar aplica\u00e7\u00e3o","request":{"url":"http:\/\/localhost\/api\/biblioteca-geral\/{biblioteca_geral}","method":"DELETE","body":{"mode":"formdata","formdata":[]},"description":"","response":[]}}]},{"name":"Editar Perfil\n\nM\u00e9todo geral para alterar informa\u00e7\u00f5es do user","description":"","item":[{"name":"-> Lista as informa\u00e7\u00f5es de todos os users","request":{"url":"http:\/\/localhost\/api\/editar-perfil","method":"GET","body":{"mode":"formdata","formdata":[]},"description":"","response":[]}},{"name":"-> Mostra os dados de um \u00fanico utilizador - nome, email, imagem, .","request":{"url":"http:\/\/localhost\/api\/editar-perfil\/{editar_perfil}","method":"GET","body":{"mode":"formdata","formdata":[]},"description":"..","response":[]}},{"name":"-> Edita os dados de cada campo recebido","request":{"url":"http:\/\/localhost\/api\/editar-perfil\/{editar_perfil}","method":"PUT","body":{"mode":"formdata","formdata":[]},"description":"","response":[]}},{"name":"-> Altera imagem do user e guarda imagem no servidor- POST","request":{"url":"http:\/\/localhost\/api\/editar-perfil\/{id}","method":"POST","body":{"mode":"formdata","formdata":[]},"description":"","response":[]}}]},{"name":"Editar Registo\n\nM\u00e9todo geral para ler e alterar dados sens\u00edveis do utilizador","description":"","item":[{"name":"-> Mostra o nome\/email de todos os utilizadores.","request":{"url":"http:\/\/localhost\/api\/editar-registo","method":"GET","body":{"mode":"formdata","formdata":[]},"description":"","response":[]}},{"name":"Mostra um \u00fanico utilizador de acordo com o seu ID","request":{"url":"http:\/\/localhost\/api\/editar-registo\/{editar_registo}","method":"GET","body":{"mode":"formdata","formdata":[]},"description":"","response":[]}},{"name":"-> Altera valores de nome\/email\/password","request":{"url":"http:\/\/localhost\/api\/editar-registo\/{editar_registo}","method":"PUT","body":{"mode":"formdata","formdata":[]},"description":"","response":[]}}]},{"name":"LandingPage\n\nM\u00e9todo geral para chamar a biblioteca de conte\u00fados e inser\u00e7\u00e3o de coment\u00e1rios","description":"","item":[{"name":"-> Mostra a listagem das aplica\u00e7\u00f5es existentes, sendo que tamb\u00e9m cont\u00e9m coment\u00e1rios e utilizadores associados para cada aplica\u00e7\u00e3o.","request":{"url":"http:\/\/localhost\/api\/landingpage","method":"GET","body":{"mode":"formdata","formdata":[]},"description":"","response":[]}},{"name":"-> Inser\u00e7\u00e3o de coment\u00e1rios na store","request":{"url":"http:\/\/localhost\/api\/landingpage","method":"POST","body":{"mode":"formdata","formdata":[]},"description":"","response":[]}},{"name":"-> Lista os coment\u00e1rios de uma s\u00e9rie","request":{"url":"http:\/\/localhost\/api\/landingpage\/{landingpage}","method":"GET","body":{"mode":"formdata","formdata":[]},"description":"","response":[]}}]},{"name":"Login\/Registo\n\nM\u00e9todo geral para chamada de acesso e registo na API, com update de dados","description":"","item":[{"name":"-> Registar utilizador","request":{"url":"http:\/\/localhost\/api\/registo","method":"POST","body":{"mode":"formdata","formdata":[]},"description":"","response":[]}}]},{"name":"Look&Learn - S\u00e9ries\n\nM\u00e9todo geral para listar todas as s\u00e9ries de TV com app de second screen associada","description":"","item":[{"name":"-> Mostra todas as s\u00e9ries","request":{"url":"http:\/\/localhost\/api\/look-learn-series","method":"GET","body":{"mode":"formdata","formdata":[]},"description":"","response":[]}},{"name":"-> Lista as aplica\u00e7\u00f5es associadas \u00e0 serie selecionada","request":{"url":"http:\/\/localhost\/api\/look-learn-series\/{look_learn_series}","method":"GET","body":{"mode":"formdata","formdata":[]},"description":"","response":[]}},{"name":"-> Lista uma aplica\u00e7\u00e3o","request":{"url":"http:\/\/localhost\/api\/look-learn-app\/{id}","method":"GET","body":{"mode":"formdata","formdata":[]},"description":"","response":[]}},{"name":"Seleciona todas as aplica\u00e7\u00f5es associadas a uma s\u00e9rie, ou apenas uma aplica\u00e7\u00e3o - query por post","request":{"url":"http:\/\/localhost\/api\/look-learn-series\/query","method":"POST","body":{"mode":"formdata","formdata":[]},"description":"","response":[]}},{"name":"Seleciona todas as aplica\u00e7\u00f5es de uma s\u00e9rie - via GET","request":{"url":"http:\/\/localhost\/api\/look-learn-query","method":"GET","body":{"mode":"formdata","formdata":[]},"description":"","response":[]}}]},{"name":"Look&Learn - Video\n\nM\u00e9todo geral para correr um video que foi submetido no Share&Learn","description":"","item":[{"name":"-> Mostra todos os videos","request":{"url":"http:\/\/localhost\/api\/videos","method":"GET","body":{"mode":"formdata","formdata":[]},"description":"","response":[]}},{"name":"Caminho para percorrer o video","request":{"url":"http:\/\/localhost\/api\/videos\/{video}","method":"GET","body":{"mode":"formdata","formdata":[]},"description":"","response":[]}}]},{"name":"Sobre\n\nM\u00e9todo geral para ler os detalhes do utilizador","description":"","item":[{"name":"-> Lista os detalhes do utilizador","request":{"url":"http:\/\/localhost\/api\/sobre","method":"GET","body":{"mode":"formdata","formdata":[]},"description":"","response":[]}},{"name":"-> Lista os detalhes do utilizador por id","request":{"url":"http:\/\/localhost\/api\/sobre\/{sobre}","method":"GET","body":{"mode":"formdata","formdata":[]},"description":"","response":[]}}]},{"name":"Upload\n\nM\u00e9todo geral para upload de aplica\u00e7\u00f5es e acesso ao editor de conte\u00fados","description":"","item":[{"name":"-> Armazena texto de uma nova aplica\u00e7\u00e3o","request":{"url":"http:\/\/localhost\/api\/upload","method":"POST","body":{"mode":"formdata","formdata":[]},"description":"","response":[]}},{"name":"-> Armazena imagem e v\u00eddeo da nova aplica\u00e7\u00e3o","request":{"url":"http:\/\/localhost\/api\/uploadimagem","method":"POST","body":{"mode":"formdata","formdata":[]},"description":"","response":[]}}]}]}